Top pages,Clicks,Impressions,CTR,Position
https://www.ideallivs.com/,325,9533,3.41%,7.1
https://www.ideallivs.com/product/indian-costus-powder,50,10382,0.48%,4.71
https://www.ideallivs.com/product/d-va-svartfarg-henna,16,491,3.26%,16.34
https://www.ideallivs.com/product/deshi-chinigura-aromatic-rice-1kg,15,1104,1.36%,4.67
https://www.ideallivs.com/product/sai-multigrains-gluten-free-atta-1-kg,15,658,2.28%,7.46
https://www.ideallivs.com/delivery-goteborg-malmo,12,2410,0.5%,11.84
https://www.ideallivs.com/product/neha-rachni-mehandi,12,1155,1.04%,5.08
https://www.ideallivs.com/product/mdh-butter-chicken-masala-100g,12,1067,1.12%,10.66
https://www.ideallivs.com/product/fresh-curry-leaves-packet,12,821,1.46%,10.88
https://www.ideallivs.com/product/electric-tandoor-oven,12,478,2.51%,8.56
https://www.ideallivs.com/product/eco-by-life-henna-natural-35g,11,284,3.87%,8.75
https://www.ideallivs.com/product/haldirams-frozen-tandoori-garlic-naanfamily-pck-1-28kg,10,1247,0.8%,6.47
https://www.ideallivs.com/product/shan-vermicelli-150-gm,10,824,1.21%,6.52
https://www.ideallivs.com/product/vatika-enriched-coconut-hair-oil,9,1640,0.55%,11.81
https://www.ideallivs.com/product/haldirams-frozen-aloo-tikki,9,1330,0.68%,6.19
https://www.ideallivs.com/product/supreme-pan-parag-100g,9,1318,0.68%,7.08
https://www.ideallivs.com/product/haldirams-frozen-cocktail-samosas-28-pcs-650g,8,1823,0.44%,6.91
https://www.ideallivs.com/product/haldirams-frozen-cocktail-samosa,8,1575,0.51%,6.03
https://www.ideallivs.com/product/jannat-xxl-1121-basmati-rice-5-kg,8,1053,0.76%,6.11
https://www.ideallivs.com/product/heera-edible-gum,8,612,1.31%,8.2
https://www.ideallivs.com/product/organic-cow-ghee,8,417,1.92%,9.93
https://www.ideallivs.com/product/ig-sona-masoori-rice-5kg-new-pack,8,357,2.24%,8.37
https://www.ideallivs.com/product/neha-cone-mehndi-25gm,7,1154,0.61%,10.32
https://www.ideallivs.com/product/haldirams-frozen-punjabi-samosa,7,1148,0.61%,7.07
https://www.ideallivs.com/delivery-information,7,901,0.78%,9.57
https://www.ideallivs.com/product/anmol-electric-tandoor-oven,7,879,0.8%,9.86
https://www.ideallivs.com/product/tilda-broken-basmati-rice-10-kg,7,816,0.86%,7.05
https://www.ideallivs.com/product/jasmin-ris-aaaaa-jasmine-rice,7,685,1.02%,5.89
https://www.ideallivs.com/product/haldirams-frozen-railway-cutlets,7,634,1.1%,5.15
https://www.ideallivs.com/europe-delivery,7,334,2.1%,8.92
https://www.ideallivs.com/product/fresh-amla,7,318,2.2%,8.7
https://www.ideallivs.com/product/vatika-black-seeds-hair-oil,6,2214,0.27%,8.26
https://www.ideallivs.com/product/idhayam-sesame-oil,6,2053,0.29%,9.74
https://www.ideallivs.com/product/haldirams-frozen-phulka-roti-360gm,6,1251,0.48%,8.46
https://www.ideallivs.com/product/al-baker-chakki-fresh-atta,6,1231,0.49%,7.22
https://www.ideallivs.com/product/trs-alu-bukhara-200g,6,826,0.73%,9.25
https://www.ideallivs.com/product/indian-costus-whole,6,825,0.73%,6.12
https://www.ideallivs.com/product/garimaa-gold-long-grain-basmati-rice,6,654,0.92%,15.34
https://www.ideallivs.com/product/tang-mango,6,648,0.93%,13.08
https://www.ideallivs.com/product/crown-seekh-kebab-chicken-15-pcs,6,113,5.31%,7.91
https://www.ideallivs.com/product/ecobylife-henna-hair-colour-dark-brown,6,84,7.14%,6.8
https://www.ideallivs.com/product/mahmood-basmati-rice-4-5-kg,5,1954,0.26%,5.02
https://www.ideallivs.com/product/ig-jeerakasala-rice-5kg,5,1443,0.35%,6.91
https://www.ideallivs.com/product/top-op-lindi-pepper,5,1218,0.41%,4.03
https://www.ideallivs.com/product/power-energy-drink-250ml-with-pant,5,855,0.58%,9.27
https://www.ideallivs.com/product/elephant-atta-medium-25-kg,5,678,0.74%,19.6
https://www.ideallivs.com/product/tjy-spring-rolls-250-mm-30-sheets,5,473,1.06%,6.01
https://www.ideallivs.com/product-category/basmati-rice,5,428,1.17%,7.29
https://www.ideallivs.com/product/alwaid-solrosolja-5-lit,5,299,1.67%,8.23
https://www.ideallivs.com/product/eco-by-life-herbal-henna-100g,5,214,2.34%,6.36
https://www.ideallivs.com/product/mughal-plain-paratha-family-pack,5,203,2.46%,5.98
https://www.ideallivs.com/product/pg-tips-loose-tea-1-5kg,5,114,4.39%,11.97
https://www.ideallivs.com/product/malik-foods-manpasand-mukhwas,5,107,4.67%,5.89
https://www.ideallivs.com/product/tapal-danedar-teabags-300750-g,4,1232,0.32%,8.75
https://www.ideallivs.com/product/mdh-t-plus-masala,4,608,0.66%,6.1
https://www.ideallivs.com/product/hot-chicken-flavor-ramen,4,573,0.7%,9.43
https://www.ideallivs.com/product/khanum-butter-ghee-1-kg,4,524,0.76%,9.4
https://www.ideallivs.com/product/khanum-butter-ghee-500-gm,4,519,0.77%,11.63
https://www.ideallivs.com/product/haldirams-peanut-gajjak,4,513,0.78%,5.55
https://www.ideallivs.com/product/eco-by-life-henna-black-35g,4,398,1.01%,10.61
https://www.ideallivs.com/product/ahmed-kheer-mix-plain,4,335,1.19%,6.63
https://www.ideallivs.com/product/lg-hing-50-gm,4,329,1.22%,6.16
https://www.ideallivs.com/product/mer-parondryck-33cl,4,299,1.34%,6.34
https://www.ideallivs.com/product/kolson-slanty-salted-60g,4,280,1.43%,12.43
https://www.ideallivs.com/product/ab-pheni-150g,4,258,1.55%,6.5
https://www.ideallivs.com/product/ecobylife-black-henna-svart-henna-hair-colour,4,161,2.48%,16.85
https://www.ideallivs.com/product-category/frozen-foods,4,130,3.08%,8.45
https://www.ideallivs.com/product/ig-nur-jahan-basmati-rice-5kg,4,120,3.33%,7
https://www.ideallivs.com/product/sweetened-mango-pulp-850g,4,97,4.12%,10.82
https://www.ideallivs.com/product/hasten-basmati-rice-9kg,4,96,4.17%,6.53
https://www.ideallivs.com/product/haldiram-batata-vada-6-pcs-300g,4,78,5.13%,7.33
https://www.ideallivs.com/product/fresh-dosa-batter-900ml,4,76,5.26%,6.93
https://www.ideallivs.com/product-category/indian-snacks,4,44,9.09%,7.09
https://www.ideallivs.com/product/ig-sella-basmati-rice-5kg,4,37,10.81%,10.51
https://www.ideallivs.com/product/hamdard-rooh-afza-syrup-800-ml,3,1866,0.16%,12.14
https://www.ideallivs.com/product/fortune-kachi-ghani-pure-mustard-oil-1-l,3,1599,0.19%,7.64
https://www.ideallivs.com/product/mdh-hyderabadi-biryani-masala,3,1044,0.29%,6.54
https://www.ideallivs.com/product/cadbury-bournvita-chocolate,3,994,0.3%,11.61
https://www.ideallivs.com/product/india-gate-classic-basmati-rice-1kg,3,928,0.32%,13.61
https://www.ideallivs.com/product/desi-punjabi-desi-gur-1-kg,3,926,0.32%,4.49
https://www.ideallivs.com/product/haldiram-chana-jor-garam,3,806,0.37%,8.67
https://www.ideallivs.com/product/tang-orange,3,797,0.38%,13.14
https://www.ideallivs.com/product/fresh-pakistani-mangoes,3,641,0.47%,10.14
https://www.ideallivs.com/product/mtr-khaman-dhokla-ready-mix,3,460,0.65%,7.77
https://www.ideallivs.com/product/heera-roasted-sooji-1-kg,3,387,0.78%,5.12
https://www.ideallivs.com/product/metromilan-7-fragrances,3,374,0.8%,8.32
https://www.ideallivs.com/product/trs-bajri-flour-1-kg,3,344,0.87%,10.37
https://www.ideallivs.com/product/ktc-castor-oil-250-ml,3,332,0.9%,6.34
https://www.ideallivs.com/product/india-gate-thin-poha-500g,3,274,1.09%,10.77
https://www.ideallivs.com/product/elephant-atta-medium-10-kg,3,261,1.15%,10.34
https://www.ideallivs.com/product-category/rice-grains,3,246,1.22%,7.66
https://www.ideallivs.com/product-category/flour,3,245,1.22%,8.7
https://www.ideallivs.com/product/shan-biryani-masala-50g,3,184,1.63%,9.16
https://www.ideallivs.com/product/telephone-sat-ispaghol-200g,3,168,1.79%,6.65
https://www.ideallivs.com/product/ocean-pearl-classic-basmati-rice-5-kg,3,161,1.86%,7.88
https://www.ideallivs.com/product/fresh-idly-batter-900ml,3,147,2.04%,27.41
https://www.ideallivs.com/shop/indian-costus-whole,3,143,2.1%,5.93
https://www.ideallivs.com/product/trs-puffed-rice,3,140,2.14%,6.34
https://www.ideallivs.com/product/kaalar-super-kernal-premium-basmati-rice-5kg,3,119,2.52%,6.03
https://www.ideallivs.com/product/hemani-black-seed-oil-60ml,3,105,2.86%,10.23
https://www.ideallivs.com/product/bikano-besan-burfi,3,101,2.97%,6.25
https://www.ideallivs.com/product/crown-shami-kebab-chicken-15-st,3,76,3.95%,7.25
https://www.ideallivs.com/product/heera-dhania-whole,3,49,6.12%,14.53
https://www.ideallivs.com/product/ponni-raw-rice-5-kg,3,45,6.67%,9.36
https://www.ideallivs.com/product/wagh-bakri-cardamom-tea-100-bags,3,21,14.29%,14.86
https://www.ideallivs.com/product/ktc-mustard-oil-pure-250-ml,2,2363,0.08%,5.93
https://www.ideallivs.com/product/zingo-apelsin-33cl,2,973,0.21%,7
https://www.ideallivs.com/product/vatika-coconut-hair-oil-nourishing-coconut-oil-300ml,2,926,0.22%,16.58
https://www.ideallivs.com/product/haldirams-frozen-lachha-paratha-value-pack-1-2kg,2,923,0.22%,6.83
https://www.ideallivs.com/product/guard-ultimate-basmati-rice-1kg,2,828,0.24%,7.4
https://www.ideallivs.com/product/ig-idli-rava-1kg,2,667,0.3%,7.45
https://www.ideallivs.com/product/eco-by-life-henna-red-35g,2,619,0.32%,10.17
https://www.ideallivs.com/product/fortune-chakki-fresh-atta-5-kg,2,540,0.37%,8.65
https://www.ideallivs.com/product/monster-energy-500ml,2,482,0.41%,7.66
https://www.ideallivs.com/product/parle-platina-hide-n-seek-vanilla-112g,2,461,0.43%,5.72
https://www.ideallivs.com/product/fresh-drum-sticks,2,403,0.5%,7.8
https://www.ideallivs.com/product/ktc-mustard-oil-pure-500-ml,2,395,0.51%,6.28
https://www.ideallivs.com/product/eco-by-life-natural-henna-250g,2,374,0.53%,6.28
https://www.ideallivs.com/brands,2,347,0.58%,9.86
https://www.ideallivs.com/product/mtr-rasam-powder,2,328,0.61%,7.26
https://www.ideallivs.com/product/nestle-nido-milk-powder-400-gm,2,321,0.62%,9.42
https://www.ideallivs.com/product/johnsons-baby-powder-200g,2,311,0.64%,13.41
https://www.ideallivs.com/product/dabur-amla-hair-oil-200ml,2,310,0.65%,12.23
https://www.ideallivs.com/product/haldiram-rasgulla-1kg,2,309,0.65%,12.7
https://www.ideallivs.com/product/ab-premium-gram-flour-2-kg,2,304,0.66%,8.67
https://www.ideallivs.com/product/a1-mini-cocktail-p-samosa-25-pcs,2,297,0.67%,6.25
https://www.ideallivs.com/shop,2,294,0.68%,3.7
https://www.ideallivs.com/blog/finding-the-best-indian-pakistani-grocery-store-in-stockholm,2,285,0.7%,9.06
https://www.ideallivs.com/product/malik-foods-plain-paratha-20pcs,2,283,0.71%,6.43
https://www.ideallivs.com/product/heera-msd-chineese-salt-100g,2,265,0.75%,6.41
https://www.ideallivs.com/product-category/henna,2,260,0.77%,12.89
https://www.ideallivs.com/product/fresh-farsk-paneer,2,241,0.83%,6.57
https://www.ideallivs.com/product/national-haleem-spices-mix-43x2g,2,220,0.91%,7.12
https://www.ideallivs.com/product/india-gate-classic-basmati-rice-5kg,2,220,0.91%,9.11
https://www.ideallivs.com/product/kaalar-1121-basmati-sella-rice-5-kg,2,178,1.12%,7.6
https://www.ideallivs.com/product/trs-green-cardamom-200g,2,148,1.35%,9.66
https://www.ideallivs.com/product/hr-chilli-chatak-lacha-200g,2,141,1.42%,6.74
https://www.ideallivs.com/product/heera-dried-coconut-halves,2,140,1.43%,7.69
https://www.ideallivs.com/product/national-delhi-nihari-82-gm-2packs,2,139,1.44%,5.96
https://www.ideallivs.com/product/mdh-kasuri-methi,2,130,1.54%,24.62
https://www.ideallivs.com/product/heera-sugar-coated-fennel-100g,2,125,1.6%,7.02
https://www.ideallivs.com/product/ab-gram-flour-1-kg,2,124,1.61%,7.16
https://www.ideallivs.com/product-category/chapati-flour,2,120,1.67%,8.32
https://www.ideallivs.com/product/vatika-naturals-blackseed-clarifying-soap,2,104,1.92%,4.57
https://www.ideallivs.com/product/heera-punjabi-wadi-300g,2,101,1.98%,5.38
https://www.ideallivs.com/product/fanta-orange-330ml-med-pant,2,100,2%,9.63
https://www.ideallivs.com/product/sai-gluten-free-jeera-ajwain-cookies-200g,2,95,2.11%,5.31
https://www.ideallivs.com/product/metro-agarbati-amber,2,92,2.17%,42.98
https://www.ideallivs.com/product/trs-black-cardamom-200g,2,91,2.2%,16.57
https://www.ideallivs.com/brand/pan-parag,2,87,2.3%,10.31
https://www.ideallivs.com/brand/monster,2,84,2.38%,7.68
https://www.ideallivs.com/brand/pataks,2,78,2.56%,18.28
https://www.ideallivs.com/product/national-cornflour-300g,2,73,2.74%,9.11
https://www.ideallivs.com/product/trs-dal-chini-200-gm,2,68,2.94%,10.72
https://www.ideallivs.com/product/annam-peanut-oil-1-liter,2,66,3.03%,8.65
https://www.ideallivs.com/product-category/sweets,2,62,3.23%,7.11
https://www.ideallivs.com/product/anmol-khoya-kulfi,2,61,3.28%,7.95
https://www.ideallivs.com/product/trs-char-magazmelon-seeds100gm,2,54,3.7%,6.56
https://www.ideallivs.com/product/fresh-farsk-indian-egypt-guava,2,51,3.92%,7.73
https://www.ideallivs.com/product/fresh-brinjal,2,49,4.08%,3.37
https://www.ideallivs.com/product-category/ready-to-eat,2,49,4.08%,5.59
https://www.ideallivs.com/product/hr-soan-papdi-250gm,2,49,4.08%,10.12
https://www.ideallivs.com/product-category/snacks,2,48,4.17%,8.02
https://www.ideallivs.com/product/haldiram-home-style-paratha-360g,2,48,4.17%,9.6
https://www.ideallivs.com/deals,2,46,4.35%,8.09
https://www.ideallivs.com/product-category/cooking-oil,2,44,4.55%,9.84
https://www.ideallivs.com/product/preema-vanilla-essence-28-ml,2,42,4.76%,8.69
https://www.ideallivs.com/product/red-label-tea-500gm,2,37,5.41%,11.24
https://www.ideallivs.com/product/desiccated-coconut-powder-fine-200-g,2,36,5.56%,12.33
https://www.ideallivs.com/brand/subhan,2,32,6.25%,6.25
https://www.ideallivs.com/product/bombay-wala-garlic-butter-naan-320g,2,29,6.9%,5.52
https://www.ideallivs.com/product/national-red-chilli-sauce-300g,2,19,10.53%,7.58
https://www.ideallivs.com/product/malik-foods-rajgira-laddu-100g,2,18,11.11%,6
https://www.ideallivs.com/product/shan-special-shahi-haleem-300g,2,17,11.76%,12.24
https://www.ideallivs.com/product/heera-juwar-whole-2-kg,2,12,16.67%,4.92
https://www.ideallivs.com/product/haldiram-all-in-one-200gm-10,2,12,16.67%,9.83
https://www.ideallivs.com/shop/anmol-electric-tandoor-oven,2,10,20%,4.5
https://www.ideallivs.com/product/heera-chana-dal-2-kg,2,8,25%,6.62
https://www.ideallivs.com/product/mdh-deggi-mirch,1,1003,0.1%,15.57
https://www.ideallivs.com/product/shezan-mango-juice-1l,1,924,0.11%,13.13
https://www.ideallivs.com/product/pataks-korma-paste-283-g,1,891,0.11%,23.96
https://www.ideallivs.com/product/mdh-sabji-masala,1,871,0.11%,3.82
https://www.ideallivs.com/product/shezan-mango-juice-bottle-250-ml,1,782,0.13%,9.4
https://www.ideallivs.com/product/haldirams-frozen-punjabi-samosas-8-pcs,1,688,0.15%,6.9
https://www.ideallivs.com/product/annam-upma-rava-1kg,1,608,0.16%,5.19
https://www.ideallivs.com/product/haldiram-aloo-paratha-400gm,1,554,0.18%,7.18
https://www.ideallivs.com/product/annam-bombay-rava,1,553,0.18%,6.86
https://www.ideallivs.com/product/taaza-paneer,1,500,0.2%,6.16
https://www.ideallivs.com/product/dabur-amla-anti-dandruff-hair-oil-200ml,1,491,0.2%,6.27
https://www.ideallivs.com/product/fruiti-o-juice-drink,1,487,0.21%,10.6
https://www.ideallivs.com/contact,1,464,0.22%,8.3
https://www.ideallivs.com/product/loka-naturell-33cl,1,456,0.22%,6.27
https://www.ideallivs.com/product/annam-roasted-rava,1,443,0.23%,7.04
https://www.ideallivs.com/product/brown-basmati-rice-5-kg,1,423,0.24%,9.14
https://www.ideallivs.com/product/maggi-masala-noodle-8-pack-70gm,1,367,0.27%,11.28
https://www.ideallivs.com/product/guard-ultimate-basmati-rice-5-kg,1,363,0.28%,10.98
https://www.ideallivs.com/product/kaalar-basmati-steam-rice-1kg,1,335,0.3%,6.13
https://www.ideallivs.com/product/national-kasuri-methi-50g,1,327,0.31%,9.14
https://www.ideallivs.com/product/tjy-spring-rolls-190mm-50-sheets,1,326,0.31%,6.74
https://www.ideallivs.com/product/shan-lahori-fish-100g,1,313,0.32%,8.35
https://www.ideallivs.com/product/ab-gol-gappy-fry-200g,1,308,0.32%,9.02
https://www.ideallivs.com/product/dabur-amla-jasmine-hair-oil-200ml,1,295,0.34%,10.42
https://www.ideallivs.com/product/bikano-soan-papdi,1,265,0.38%,8.42
https://www.ideallivs.com/product/pataks-mild-curry-paste,1,249,0.4%,22.27
https://www.ideallivs.com/product/trs-dried-coconut-halves-250-g,1,242,0.41%,8.11
https://www.ideallivs.com/product/malik-foods-kuttu-flour-1kg,1,240,0.42%,12.38
https://www.ideallivs.com/product/heera-idli-rawa-1-kg,1,236,0.42%,5.79
https://www.ideallivs.com/product/mdh-kitchen-king-masala,1,231,0.43%,29.97
https://www.ideallivs.com/brand/maggi,1,229,0.44%,14.97
https://www.ideallivs.com/product/haldiram-chakoli-200gm,1,224,0.45%,5.29
https://www.ideallivs.com/shop/indian-costus-powder,1,221,0.45%,5.75
https://www.ideallivs.com/product/ktc-almond-oil-500-ml,1,221,0.45%,8.39
https://www.ideallivs.com/product/shan-mango-pickle-1-kg,1,215,0.47%,9.33
https://www.ideallivs.com/product/pillsbury-chakki-atta-5-kg,1,213,0.47%,8.51
https://www.ideallivs.com/product/trs-soya-chunks-250g,1,213,0.47%,15.76
https://www.ideallivs.com/product/malik-foods-pan-masala-mukhwas,1,212,0.47%,6.99
https://www.ideallivs.com/product/tjy-spring-rolls-215-mm-40-sheets,1,209,0.48%,5.97
https://www.ideallivs.com/product/mtr-gulab-jamun-mix-200g,1,207,0.48%,18.11
https://www.ideallivs.com/product/tikka-masala-paste,1,207,0.48%,19.54
https://www.ideallivs.com/product/haldirams-rajma-raseela-283gms,1,200,0.5%,3.92
https://www.ideallivs.com/product/trs-gram-flour-2-kg,1,197,0.51%,21.79
https://www.ideallivs.com/product-category/lentils-beans-dals,1,194,0.52%,5.56
https://www.ideallivs.com/product/patanjli-cow-ghee-1-kg,1,192,0.52%,8.94
https://www.ideallivs.com/product/vandevi-hing-yellow-100-gm,1,190,0.53%,6.06
https://www.ideallivs.com/brand/national,1,176,0.57%,10.53
https://www.ideallivs.com/product/zingo-zero-citron-33cl,1,175,0.57%,6.19
https://www.ideallivs.com/product/haldirams-frozen-home-style-paratha360-gms,1,173,0.58%,5.79
https://www.ideallivs.com/product/onion-gul-lok,1,164,0.61%,5.47
https://www.ideallivs.com/product/aqu-aquador-50cl,1,159,0.63%,8.88
https://www.ideallivs.com/product/vatika-enriched-hibiscus-hair-oil-200ml,1,159,0.63%,11.06
https://www.ideallivs.com/product/aashirvaad-chakki-atta-5kg,1,155,0.65%,13.79
https://www.ideallivs.com/product/india-gate-premium-basmati-rice-5kg,1,154,0.65%,8.79
https://www.ideallivs.com/product/bigen-mens-beard-colour-dark-brown-2,1,154,0.65%,11.52
https://www.ideallivs.com/product/trs-chilli-powder-ex-hot-400g,1,153,0.65%,7.15
https://www.ideallivs.com/product/shan-nihari-masala-120g,1,149,0.67%,14.03
https://www.ideallivs.com/product/sai-gluten-free-desi-ghee-cookies-200g,1,145,0.69%,7.53
https://www.ideallivs.com/product/heera-roasted-daria-split-700g,1,144,0.69%,6.55
https://www.ideallivs.com/product/national-sindhi-biryani-82g,1,143,0.7%,6.09
https://www.ideallivs.com/brand/anmol,1,134,0.75%,11.34
https://www.ideallivs.com/product/anjappar-sona-masori-rice-10-kg,1,132,0.76%,7.56
https://www.ideallivs.com/product/ktc-poppy-seed-oil-250-ml,1,131,0.76%,10.27
https://www.ideallivs.com/blog/ramadan-2026,1,128,0.78%,4.82
https://www.ideallivs.com/product/vandevi-hing-50-gm,1,126,0.79%,5.83
https://www.ideallivs.com/product/khanum-butter-ghee-2-kg,1,123,0.81%,9.76
https://www.ideallivs.com/product/red-label-natural-care-tea-1kg,1,121,0.83%,9.05
https://www.ideallivs.com/product/falak-extreme-basmati-rice-5kg,1,111,0.9%,7.97
https://www.ideallivs.com/brand/mtr,1,111,0.9%,15.12
https://www.ideallivs.com/product/garlic-vitlok-500g,1,108,0.93%,6.72
https://www.ideallivs.com/product/heera-rice-flour-15-kg,1,108,0.93%,8.46
https://www.ideallivs.com/product/national-kasuri-methi-100g,1,107,0.93%,16.15
https://www.ideallivs.com/prepared-meals,1,106,0.94%,10.18
https://www.ideallivs.com/brand/indian,1,105,0.95%,6.59
https://www.ideallivs.com/product/diwali-diya-set,1,102,0.98%,18.66
https://www.ideallivs.com/product/fresh-indian-red-chili,1,101,0.99%,8.98
https://www.ideallivs.com/product-category/rice-grains/sona-masoori,1,98,1.02%,8.83
https://www.ideallivs.com/product/trs-jeera-papadom-200g,1,94,1.06%,7.5
https://www.ideallivs.com/product/mdh-chicken-curry-masala,1,93,1.08%,42.81
https://www.ideallivs.com/product/mdh-rajmah-masala,1,92,1.09%,7.75
https://www.ideallivs.com/product/ig-sona-masoori-rice-5kg,1,90,1.11%,12.61
https://www.ideallivs.com/product/bombay-wala-punjabi-samosa-6-pcs,1,89,1.12%,9.47
https://www.ideallivs.com/product/mdh-dal-makhani-masala-100g,1,83,1.2%,10.2
https://www.ideallivs.com/product/trs-black-cardamom-50g,1,82,1.22%,8
https://www.ideallivs.com/product/mtr-sambar-powder,1,82,1.22%,8.83
https://www.ideallivs.com/product/vatika-naturals-olive-nourishing-soap,1,81,1.23%,10.63
https://www.ideallivs.com/product/alibaba-pesi-goor-1-kg,1,79,1.27%,4.38
https://www.ideallivs.com/product/dettol-liquid-500ml,1,78,1.28%,12.09
https://www.ideallivs.com/product/dettol-original-antiseptic-soap-bar-twin-pack,1,76,1.32%,10.8
https://www.ideallivs.com/product/fresh-alphonso-mangoes-1-4-kg-net,1,76,1.32%,15.92
https://www.ideallivs.com/brand/laziza,1,75,1.33%,6.73
https://www.ideallivs.com/product/trs-toor-dal-1-kg,1,73,1.37%,8.93
https://www.ideallivs.com/product/hadeel-mung-dal-2kg,1,72,1.39%,5.92
https://www.ideallivs.com/product/trs-bay-leaves,1,71,1.41%,9.37
https://www.ideallivs.com/brand/hamdard,1,71,1.41%,26.07
https://www.ideallivs.com/product/trs-kashmiri-chilli-powder-100-gm,1,70,1.43%,6.74
https://www.ideallivs.com/product/metro-kewda-agarbatti,1,68,1.47%,8.87
https://www.ideallivs.com/blog/the-indian-fika,1,67,1.49%,4.66
https://www.ideallivs.com/product/pataks-garam-masala-paste-283-g,1,67,1.49%,7.85
https://www.ideallivs.com/product/annam-idly-rava-1-kg,1,66,1.52%,5.64
https://www.ideallivs.com/product/alibaba-kamarkas-100g,1,66,1.52%,7.08
https://www.ideallivs.com/brand/nestle,1,66,1.52%,38.98
https://www.ideallivs.com/product/ahmed-kheer-mix-saffron-flavour,1,64,1.56%,5.45
https://www.ideallivs.com/product/alibaba-toor-dal-1-kg,1,64,1.56%,6.59
https://www.ideallivs.com/product/national-chana-masala-90gx2,1,64,1.56%,7.89
https://www.ideallivs.com/product/trs-coconut-milk-400ml,1,63,1.59%,8.46
https://www.ideallivs.com/shop/india-gate-premium-basmati-rice-5kg,1,63,1.59%,10.59
https://www.ideallivs.com/product/shan-garlic-paste-700g,1,60,1.67%,11.45
https://www.ideallivs.com/product/ktc-coconut-oil-250-ml,1,59,1.69%,12.41
https://www.ideallivs.com/product/jhonsons-baby-oil-200ml,1,58,1.72%,8.05
https://www.ideallivs.com/brand/bombaywala,1,57,1.75%,7.32
https://www.ideallivs.com/brand/heera,1,54,1.85%,6.72
https://www.ideallivs.com/product/bombay-wala-frozen-methi-315g,1,52,1.92%,5
https://www.ideallivs.com/product/kaalar-extra-long-grain-steam-rice-5kg,1,52,1.92%,6.54
https://www.ideallivs.com/product/idhayam-sesame-oil?add-to-cart=249,1,50,2%,11.66
https://www.ideallivs.com/product/heera-garam-masala-whole-200g,1,49,2.04%,7.04
https://www.ideallivs.com/product/laddu-gulab-jamun-barfi-sweets,1,49,2.04%,7.63
https://www.ideallivs.com/product/heera-birds-eye-chilli,1,49,2.04%,10.86
https://www.ideallivs.com/product/trs-cloves-250g,1,48,2.08%,6.4
https://www.ideallivs.com/product/heera-garam-masala-powder,1,45,2.22%,8.04
https://www.ideallivs.com/product-category/dry-fruits,1,45,2.22%,9.02
https://www.ideallivs.com/product/guard-ultimate-basmati-rice-5-kg?add-to-cart=199,1,44,2.27%,9.25
https://www.ideallivs.com/product/maggi-hot-n-sweet-sauce-400g,1,44,2.27%,9.27
https://www.ideallivs.com/product/desi-punjabi-shakkar-500g,1,43,2.33%,7.02
https://www.ideallivs.com/product-category/curry-masala,1,42,2.38%,5.76
https://www.ideallivs.com/product/pg-tips-original-black-tea-bags-300-870-g,1,42,2.38%,9.24
https://www.ideallivs.com/product/hadeel-brown-lentils-2kg,1,41,2.44%,5.39
https://www.ideallivs.com/product-category/flour/chapati-flour,1,41,2.44%,7.37
https://www.ideallivs.com/product/national-green-chilli-sauce-300g,1,41,2.44%,9.37
https://www.ideallivs.com/brand/johnson-johnson,1,41,2.44%,38.54
https://www.ideallivs.com/product/deepak-multigrain-atta-5-kg,1,40,2.5%,6.55
https://www.ideallivs.com/product/shangrila-peri-peri-sauce-285g,1,40,2.5%,7.1
https://www.ideallivs.com/product-category/organic-groceries,1,39,2.56%,5.92
https://www.ideallivs.com/product/trs-sarson-ka-saag-450g,1,39,2.56%,7.67
https://www.ideallivs.com/product/laziza-falooda-pista-200-gm,1,38,2.63%,8.45
https://www.ideallivs.com/brand/bikano,1,36,2.78%,9.89
https://www.ideallivs.com/brand/deshi,1,35,2.86%,5.77
https://www.ideallivs.com/product/trs-tandoori-masala-powder,1,34,2.94%,6.62
https://www.ideallivs.com/product/deepak-chakki-atta-5kg,1,34,2.94%,7.03
https://www.ideallivs.com/product/hamdard-rooh-afza-syrup-800-ml?add-to-cart=548,1,33,3.03%,7.94
https://www.ideallivs.com/brand/hemani,1,33,3.03%,10.39
https://www.ideallivs.com/brand/trs,1,32,3.12%,16.38
https://www.ideallivs.com/product-category/frozen-samosa,1,31,3.23%,6.87
https://www.ideallivs.com/product/trs-black-pepper-whole-400-gsm,1,31,3.23%,7.9
https://www.ideallivs.com/product/bombay-wala-tandoori-roti-300g,1,30,3.33%,5.97
https://www.ideallivs.com/product-category/hair-oils,1,30,3.33%,8.53
https://www.ideallivs.com/product/national-garlic-pickle-310g,1,30,3.33%,9.67
https://www.ideallivs.com/product/trs-dal-chini,1,30,3.33%,12.27
https://www.ideallivs.com/product/malik-foods-chapati-20-pcs,1,29,3.45%,6.66
https://www.ideallivs.com/product/bombay-wala-tandoori-naan-400gm,1,29,3.45%,8.48
https://www.ideallivs.com/product/national-mango-pickle-1-kg,1,29,3.45%,17.28
https://www.ideallivs.com/indiska-livsmedel-i-goteborg,1,29,3.45%,19.28
https://www.ideallivs.com/product/alibaba-toor-dal-2-kg,1,28,3.57%,8.11
https://www.ideallivs.com/product/malik-foods-peanut-chikki-100g,1,28,3.57%,11.71
https://www.ideallivs.com/product/tang-mango?add-to-cart=569,1,27,3.7%,11.74
https://www.ideallivs.com/product/laziza-plum-chutney-275g,1,26,3.85%,9.96
https://www.ideallivs.com/product/desi-roasted-salted-700g,1,25,4%,8.36
https://www.ideallivs.com/product/priya-mixed-veg-pickle-300g,1,25,4%,16.12
https://www.ideallivs.com/product/heera-far-far-chokdi-200g,1,24,4.17%,6.88
https://www.ideallivs.com/brand/phulki,1,24,4.17%,9.46
https://www.ideallivs.com/product-category/frozen-snacks,1,23,4.35%,3.43
https://www.ideallivs.com/product-category/paneer-fresh-produce,1,23,4.35%,6.78
https://www.ideallivs.com/product/crown-chicken-samosa-20-st,1,23,4.35%,7.57
https://www.ideallivs.com/product/bombay-wala-frozen-karela-315g,1,21,4.76%,5.48
https://www.ideallivs.com/product/flute-agarbatti-sandalwood,1,21,4.76%,6.95
https://www.ideallivs.com/product/alibaba-punjabi-shakkar-500g,1,20,5%,6.95
https://www.ideallivs.com/product-category/agarbatti,1,20,5%,7
https://www.ideallivs.com/product-category/tradional-sweets,1,19,5.26%,7.58
https://www.ideallivs.com/product/desi-roasted-gram-split-daria-700g,1,17,5.88%,10.76
https://www.ideallivs.com/product-category/ghee,1,16,6.25%,5.88
https://www.ideallivs.com/product/khanum-butter-ghee-1-kg?add-to-cart=255,1,16,6.25%,7.44
https://www.ideallivs.com/product/sun-dip-mango-jam-430g,1,16,6.25%,7.62
https://www.ideallivs.com/category/handla-mat-pa-natet,1,16,6.25%,15.88
https://www.ideallivs.com/product/bueno-kokta-kikarter-570g,1,15,6.67%,6
https://www.ideallivs.com/product/trs-methi-seedsfenugreek-300g,1,15,6.67%,9.67
https://www.ideallivs.com/product/crown-green-chilli-seekh-kebab-chicken-15-st,1,15,6.67%,10
https://www.ideallivs.com/product/heera-soya-beans-2-kg,1,12,8.33%,5.42
https://www.ideallivs.com/product/trs-red-lentils-1kg,1,12,8.33%,8.42
https://www.ideallivs.com/product/priya-green-chilli-paste-300g,1,12,8.33%,9.08
https://www.ideallivs.com/product/fresh-farsk-mynta,1,12,8.33%,12.08
https://www.ideallivs.com/product/kissan-mixed-fruit-jam-500g,1,12,8.33%,21.25
https://www.ideallivs.com/product/pataks-garlic-pickle-300g,1,11,9.09%,16.27
https://www.ideallivs.com/brand/d-va,1,10,10%,7.2
https://www.ideallivs.com/brand/eco,1,9,11.11%,4.89
https://www.ideallivs.com/product/bikano-saunf-rusk-600g,1,9,11.11%,5
https://www.ideallivs.com/product/alibaba-black-eye-beans-1-kg,1,9,11.11%,7.11
https://www.ideallivs.com/product/heera-crushed-chillies-200gm,1,9,11.11%,9.56
https://www.ideallivs.com/product/desi-roasted-gram-split-300g,1,9,11.11%,16.33
https://www.ideallivs.com/product/trs-urid-washed-1-kg,1,8,12.5%,2.62
https://www.ideallivs.com/product/kolson-slanty-veg-60g,1,8,12.5%,14.38
https://www.ideallivs.com/brand/elephant,1,8,12.5%,14.75
https://www.ideallivs.com/product/deshi-chinigura-aromatic-rice-1kg?add-to-cart=195,1,7,14.29%,1.57
https://www.ideallivs.com/product/trs-whole-jeera-100g,1,7,14.29%,10.43
https://www.ideallivs.com/product-category/food-colours-essences,1,7,14.29%,23.71
https://www.ideallivs.com/product-category/batters,1,6,16.67%,5
https://www.ideallivs.com/product/ig-sona-masoori-rice-5kg-new-pack?add-to-cart=195,1,6,16.67%,8.33
https://www.ideallivs.com/product/dabur-red-tooth-paste,1,6,16.67%,17
https://www.ideallivs.com/product/trs-chick-peas-2kg,1,5,20%,6.8
https://www.ideallivs.com/product/desi-gur-rewri-400-gm,1,5,20%,7.8
https://www.ideallivs.com/product/bombay-wala-garlic-butter-naan-320g?add-to-cart=511,1,5,20%,10.2
https://www.ideallivs.com/product/roasted-dalia-splits-1kg,1,5,20%,10.4
https://www.ideallivs.com/product/haldiram-chakoli-200gm-6,1,5,20%,13
https://www.ideallivs.com/product/ab-pheni-150g?add-to-cart=542,1,4,25%,3.5
https://www.ideallivs.com/product/india-gate-thin-poha-500g?add-to-cart=439,1,4,25%,5.5
https://www.ideallivs.com/product-category/lentils-beans-dals/masoor-dal,1,4,25%,6.75
https://www.ideallivs.com/product/desi-kohlapuri-jaggery-cubes-1-kg,1,4,25%,9
https://www.ideallivs.com/product-category/instant-noodles,1,4,25%,15.5
https://www.ideallivs.com/login,1,3,33.33%,1
https://www.ideallivs.com/product/ocean-pearl-classic-basmati-rice-5-kg?add-to-cart=212,1,3,33.33%,5.67
https://www.ideallivs.com/product/shan-mango-pickle-1-kg?add-to-cart=310,1,2,50%,1
https://www.ideallivs.com/product/tapal-danedar-loose-tea-jar-1kg?add-to-cart=229,1,2,50%,6.5
https://www.ideallivs.com/product/heera-kalonjee-100gm?add-to-cart=415,1,2,50%,7
https://www.ideallivs.com/product-category/rice-grains/basmati-rice?add-to-cart=208,1,2,50%,10
https://www.ideallivs.com/product/fortune-chakki-fresh-atta-10kg?add-to-cart=84,1,2,50%,10.5
https://www.ideallivs.com/product/fortune-kachi-ghani-pure-mustard-oil-1-l?add-to-cart=255,1,2,50%,19.5
https://www.ideallivs.com/product/haldirams-frozen-cocktail-samosas-28-pcs-650g?add-to-cart=510,1,1,100%,1
https://www.ideallivs.com/product/haldirams-frozen-home-style-paratha360-gms?add-to-cart=508,1,1,100%,1
https://www.ideallivs.com/product/himaliya-brand-basmati-rice?add-to-cart=222,1,1,100%,2
https://www.ideallivs.com/product/national-karahi-gosht-94gm-2packs?add-to-cart=114,1,1,100%,9
https://www.ideallivs.com/product/parachute-coconut-oil-500ml,0,863,0%,6.16
https://www.ideallivs.com/product/tapal-danedar-loose-tea-450gm,0,775,0%,6.04
https://www.ideallivs.com/product/monster-juiced-mango-500ml,0,774,0%,16.01
https://www.ideallivs.com/product/mdh-pav-bhaji-masala,0,717,0%,4.16
https://www.ideallivs.com/product/pillsbury-chakki-atta-10-kg,0,569,0%,16.71
https://www.ideallivs.com/product/national-chicken-biryani-82g,0,547,0%,12.68
https://www.ideallivs.com/product/heera-semolina-fine-375-g,0,531,0%,7.94
https://www.ideallivs.com/product/heera-desiccated-coconut-fine,0,524,0%,2.2
https://www.ideallivs.com/product/jethimadh-wholemulethi-50-gm,0,514,0%,4.52
https://www.ideallivs.com/brand/malik,0,427,0%,7.15
https://www.ideallivs.com/product/mtr-dosa-mix-500g-instant-mix,0,419,0%,9.06
https://www.ideallivs.com/product/trs-ragi-flour-1-kg,0,405,0%,13.84
https://www.ideallivs.com/product/mdh-meat-curry-masala-100g,0,402,0%,12.45
https://www.ideallivs.com/product/cola-zero-330-ml-inc-pant,0,374,0%,11.07
https://www.ideallivs.com/product/fresh-frsk-okra,0,370,0%,9.3
https://www.ideallivs.com/product/trs-soya-chunks,0,369,0%,12.24
https://www.ideallivs.com/product/fortune-chakki-fresh-atta-10kg,0,357,0%,13.59
https://www.ideallivs.com/grocery-delivery-in-goteborg-and-malmo,0,340,0%,15.6
https://www.ideallivs.com/product/mdh-chana-masala,0,336,0%,7.71
https://www.ideallivs.com/product/fresh-kesar-mangoes-1-4-kg-net,0,336,0%,11.02
https://www.ideallivs.com/product/heera-semolina-coarse-375g,0,328,0%,6
https://www.ideallivs.com/product/heera-garam-masala-100g,0,322,0%,6.61
https://www.ideallivs.com/product/ig-exotic-basmati-rice-5kg,0,304,0%,8.38
https://www.ideallivs.com/product/india-gate-brown-basmati-rice,0,303,0%,8.79
https://www.ideallivs.com/product/mdh-pani-puri-masala-100g,0,294,0%,13.36
https://www.ideallivs.com/product/sprite-zero-330ml-med-pant,0,279,0%,9.11
https://www.ideallivs.com/product/haldiram-gulab-jamun-1kg,0,267,0%,6.67
https://www.ideallivs.com/product/mdh-kashmiri-mirch-100g,0,261,0%,7.58
https://www.ideallivs.com/product/annam-unroasted-rava,0,246,0%,5.85
https://www.ideallivs.com/product/malik-foods-sendha-namak,0,243,0%,11.04
https://www.ideallivs.com/product/nocco-san-citro-330ml,0,242,0%,11.74
https://www.ideallivs.com/product/haldirams-frozen-veg-shami-kebab300g,0,241,0%,5.61
https://www.ideallivs.com/product/bombaywala-motichoor-ladoo,0,237,0%,7.18
https://www.ideallivs.com/product/himaliya-brand-basmati-rice,0,226,0%,15.13
https://www.ideallivs.com/product/malik-foods-samo-seeds-400-gsm,0,215,0%,7.23
https://www.ideallivs.com/product/heera-red-peanuts-1-kg,0,208,0%,6.74
https://www.ideallivs.com/product/bikano-kaju-dhoda-burfi-400g,0,203,0%,4
https://www.ideallivs.com/product/nestle-cerelac-400-g,0,200,0%,13.58
https://www.ideallivs.com/product/fortune-thick-poha-1-kg,0,186,0%,12.67
https://www.ideallivs.com/product/fanta-exotic-zero-330ml,0,185,0%,11.62
https://www.ideallivs.com/product/trs-gram-flour-1kg,0,182,0%,8.07
https://www.ideallivs.com/shop/heera-desiccated-coconut-fine,0,181,0%,1.6
https://www.ideallivs.com/product/priya-mango-ginger-pickle-300g,0,179,0%,5.35
https://www.ideallivs.com/product/fortune-gram-flour-1kg,0,177,0%,4.83
https://www.ideallivs.com/product/maggi-2-minute-masala-noodles,0,175,0%,11.3
https://www.ideallivs.com/product/tata-salt-1-kg,0,170,0%,12.67
https://www.ideallivs.com/product/fanta-exotic-330ml-med-pant,0,165,0%,8.12
https://www.ideallivs.com/product/cola-original-330-ml-inc-pant,0,161,0%,7.21
https://www.ideallivs.com/finding-the-best-indian-pakistani-grocery-store-in-stockholm,0,160,0%,18.26
https://www.ideallivs.com/product/malik-alsi-seeds-100g,0,159,0%,8.74
https://www.ideallivs.com/brand/alibaba,0,159,0%,9.96
https://www.ideallivs.com/product/vandevi-hing-yellow-50-gm,0,158,0%,6.08
https://www.ideallivs.com/product/nocco-bcca-limon-del-sol-330ml,0,157,0%,27.32
https://www.ideallivs.com/brand/khanum,0,156,0%,14.67
https://www.ideallivs.com/product/patanjli-cow-ghee-500g,0,155,0%,13.75
https://www.ideallivs.com/product/ab-premium-gram-flour,0,155,0%,13.77
https://www.ideallivs.com/product/bombay-wala-gujiya,0,153,0%,7.85
https://www.ideallivs.com/refund-return,0,150,0%,5.63
https://www.ideallivs.com/product/shan-kofta-masala-50gm,0,147,0%,10.23
https://www.ideallivs.com/product/trs-whole-red-chillies-50-g,0,144,0%,6.61
https://www.ideallivs.com/blog/guide-till-matleverans-i-stockholm,0,143,0%,19.56
https://www.ideallivs.com/brand/zingo,0,139,0%,9.19
https://www.ideallivs.com/product/mdh-chunky-chat-masala,0,137,0%,9.88
https://www.ideallivs.com/product/heera-dried-dates-250g,0,136,0%,9.21
https://www.ideallivs.com/product/malik-foods-sattu-roasted-gram-flour-chickpea-flour-1kg,0,133,0%,7.87
https://www.ideallivs.com/shop/mdh-butter-chicken-masala-100g,0,133,0%,14.74
https://www.ideallivs.com/product/sprite-lime-330ml-med-pant,0,131,0%,8.09
https://www.ideallivs.com/brand/mdh,0,131,0%,36.31
https://www.ideallivs.com/brand/malik?add-to-cart=820,0,130,0%,8.52
https://www.ideallivs.com/product/pataks-madras-curry-paste,0,130,0%,25.9
https://www.ideallivs.com/product/haldirams-frozen-mooli-paratha-400g,0,128,0%,4.21
https://www.ideallivs.com/product/bigen-mens-beard-colour-medium-brown,0,125,0%,8.59
https://www.ideallivs.com/product/power-sugar-free-drink-250ml-with-pant,0,124,0%,7.67
https://www.ideallivs.com/product/haldirams-dal-tadka-300g,0,123,0%,6.59
https://www.ideallivs.com/product/annam-idli-rice-5-kg,0,122,0%,9.86
https://www.ideallivs.com/product/mdh-garam-masala-100g,0,120,0%,11.9
https://www.ideallivs.com/product/national-tikka-boti-88g,0,116,0%,7.16
https://www.ideallivs.com/product/trs-sago-seeds-500-gsm,0,116,0%,8.04
https://www.ideallivs.com/brand/shan,0,112,0%,11.1
https://www.ideallivs.com/product/trs-tamarind-paste-400g,0,111,0%,7.96
https://www.ideallivs.com/brand/hr,0,111,0%,14.75
https://www.ideallivs.com/product/alibaba-haldi-400g,0,110,0%,8.53
https://www.ideallivs.com/product/lijjat-garlic-pappadam-200g,0,110,0%,11.69
https://www.ideallivs.com/product/ktc-coconut-oil-500-ml,0,109,0%,18.39
https://www.ideallivs.com/product/pataks-tandoori-paste-312-g,0,108,0%,18.28
https://www.ideallivs.com/product/haldirams-frozen-tandoori-garlic-naanfamily-pck-1-28kg?add-to-cart=510,0,107,0%,7.02
https://www.ideallivs.com/product/mdh-shahi-paneer-masala,0,106,0%,11.56
https://www.ideallivs.com/product/qarshi-johar-joshanda-30-sachets-x5g,0,106,0%,12.66
https://www.ideallivs.com/product/india-gate-classic-basmati-rice-5kg?add-to-cart=202,0,106,0%,16.83
https://www.ideallivs.com/product/trs-brown-mustard-seeds-100g,0,105,0%,11.51
https://www.ideallivs.com/product-category/gram-flour,0,105,0%,14.45
https://www.ideallivs.com/product/jalebi-namak-para,0,104,0%,4.98
https://www.ideallivs.com/product/hr-chilli-paneer-tofu-wrap-156g,0,104,0%,5.96
https://www.ideallivs.com/product/alibaba-roasted-chana-750g,0,104,0%,7.49
https://www.ideallivs.com/product/heera-red-chilli-powder-ex-hot-400g,0,102,0%,6.42
https://www.ideallivs.com/about,0,102,0%,14.79
https://www.ideallivs.com/product/mer-apelsindryck-33cl,0,101,0%,6.81
https://www.ideallivs.com/product/qarshi-johar-joshanda-1-sachet-5g,0,101,0%,7.58
https://www.ideallivs.com/product/electric-tandoor-forno,0,101,0%,8.21
https://www.ideallivs.com/product/trs-black-salt-powder,0,99,0%,10.18
https://www.ideallivs.com/product/deepak-maida-all-purpose-refined-wheat-flour,0,97,0%,5.11
https://www.ideallivs.com/product/haldirams-palak-paneer-tofu,0,97,0%,7.19
https://www.ideallivs.com/product/alibaba-roasted-salted-chana-250g,0,97,0%,7.93
https://www.ideallivs.com/product/trs-tandoori-masala-100g,0,92,0%,9.88
https://www.ideallivs.com/product/annam-toor-dall,0,92,0%,22.75
https://www.ideallivs.com/product-category/vegan-food,0,90,0%,4.04
https://www.ideallivs.com/product/subhan-sona-masori-rice-5-kg,0,90,0%,9.97
https://www.ideallivs.com/product/trs-black-pepper-coarse-400-gsm,0,89,0%,7.45
https://www.ideallivs.com/product/mtr-rice-idli-ready-mix,0,89,0%,8.84
https://www.ideallivs.com/delivery/goteborg-malmo,0,88,0%,17.98
https://www.ideallivs.com/product/trs-shahi-kala-jeera-50-gsm,0,86,0%,17.56
https://www.ideallivs.com/product/haldiram-aloo-mutter-300g,0,85,0%,6.88
https://www.ideallivs.com/product/heera-gram-flour-2-kg,0,85,0%,6.98
https://www.ideallivs.com/product/trs-kashmiri-chilli-powder-400g,0,84,0%,8.68
https://www.ideallivs.com/brand/lazzat,0,84,0%,9.71
https://www.ideallivs.com/product/heera-roasted-chana-salted-300g,0,81,0%,8.05
https://www.ideallivs.com/product/trs-ajwain-seeds-300g,0,81,0%,8.31
https://www.ideallivs.com/product/hr-besan-ladoo-400g,0,81,0%,11.68
https://www.ideallivs.com/product/vatika-naturals-neem-purifying-soap,0,80,0%,5.05
https://www.ideallivs.com/product/shan-easy-cook-haleem-mix-300g,0,80,0%,7.31
https://www.ideallivs.com/product/flute-agarbatti-moon,0,79,0%,8.7
https://www.ideallivs.com/product/sai-multigrains-gluten-free-atta-1-kg?add-to-cart=582,0,79,0%,9.75
https://www.ideallivs.com/product/swarna-chakki-fresh-atta,0,79,0%,10.82
https://www.ideallivs.com/product/trs-crushed-chillies-ex-hot-100g,0,78,0%,7.51
https://www.ideallivs.com/product/annam-sona-masuri-rice,0,78,0%,8.06
https://www.ideallivs.com/product/haldirams-punjabi-choley-283gms,0,77,0%,4.53
https://www.ideallivs.com/product/ahmed-kheer-mix-kewra-elaichi,0,77,0%,4.62
https://www.ideallivs.com/product/malik-whole-wheat-khakra-jeera,0,77,0%,6.81
https://www.ideallivs.com/product/haldiram-rasgulla-1kg?add-to-cart=625,0,77,0%,7.87
https://www.ideallivs.com/product/trs-methi-seeds,0,76,0%,7.04
https://www.ideallivs.com/product/crown-special-seekh-kebab-chicken-15-pcs,0,76,0%,9.17
https://www.ideallivs.com/product/heera-panch-puren-100g,0,76,0%,19.5
https://www.ideallivs.com/product/vatika-naturals-aloe-vera-soap,0,75,0%,7.61
https://www.ideallivs.com/product/trs-garam-masala-whole-200g,0,75,0%,8.29
https://www.ideallivs.com/product/idhayam-sesame-oil?add-to-cart=248,0,74,0%,5.08
https://www.ideallivs.com/product/heera-baking-powder-100gm,0,72,0%,5.94
https://www.ideallivs.com/product/trs-javentry-mace-50gm,0,72,0%,8.78
https://www.ideallivs.com/product/annam-phool-makhana-100-gsm,0,72,0%,12.08
https://www.ideallivs.com/product/maggi-tamarind-sauce-425-ml,0,72,0%,35.83
https://www.ideallivs.com/product/flute-agarbatti-chamomile,0,71,0%,4.44
https://www.ideallivs.com/product/ig-ponni-boiled-rice-5-kg,0,71,0%,8.54
https://www.ideallivs.com/brand/kurkure,0,71,0%,12.3
https://www.ideallivs.com/product/tapal-danedar-loose-tea-jar-1kg,0,70,0%,9.23
https://www.ideallivs.com/product/fortune-unpolished-chitra-rajma-1kg,0,70,0%,36.19
https://www.ideallivs.com/product/malik-whole-wheat-khakra-methi,0,68,0%,4.76
https://www.ideallivs.com/shop/cadbury-bournvita-chocolate,0,68,0%,6.79
https://www.ideallivs.com/product/malik-whole-wheat-khakra-plain,0,68,0%,6.99
https://www.ideallivs.com/product/trs-flake-rice-powa-thick-1-kg,0,68,0%,16.97
https://www.ideallivs.com/brand/loka,0,66,0%,9.39
https://www.ideallivs.com/product/gongura-pickle-with-garlic-300-g,0,66,0%,9.77
https://www.ideallivs.com/brand/natco,0,66,0%,13.92
https://www.ideallivs.com/product/metro-jasmine-n-lily-18stk,0,65,0%,5.78
https://www.ideallivs.com/product/hadeel-chickpeas-2kg,0,65,0%,7.66
https://www.ideallivs.com/brand/jannat,0,65,0%,8.12
https://www.ideallivs.com/product/crown-veg-samosa-20-st,0,65,0%,8.49
https://www.ideallivs.com/product/bueno-vita-bonor-i-glass-570g,0,64,0%,6.28
https://www.ideallivs.com/product/bigen-mens-beard-colour-natural-black,0,64,0%,10.41
https://www.ideallivs.com/product/fanta-orange-low-calorie-330ml,0,63,0%,6.6
https://www.ideallivs.com/product/haldiram-dal-palak-300g,0,62,0%,6.34
https://www.ideallivs.com/product/heera-fenugreek-powder,0,62,0%,9.71
https://www.ideallivs.com/product/bikano-plain-dhokla-350g,0,61,0%,8.2
https://www.ideallivs.com/brand/idhayam,0,61,0%,10.41
https://www.ideallivs.com/product/laziza-kheer-mix-almondsaffron-155gm,0,60,0%,7.02
https://www.ideallivs.com/product/heera-idli-mix-1-kg,0,60,0%,8.43
https://www.ideallivs.com/product/regal-cake-rusk-original-22stk,0,58,0%,12.22
https://www.ideallivs.com/product/kolson-slanty-jalapeno-60g,0,58,0%,15.88
https://www.ideallivs.com/product/sai-gluten-free-butter-cashew-cookies-200-g,0,57,0%,5.65
https://www.ideallivs.com/product/maggi-masala-noodles-70-g,0,57,0%,7.6
https://www.ideallivs.com/product/trs-fennel-seeds-400g,0,57,0%,8.25
https://www.ideallivs.com/product/hr-aloo-achari-paratha-400g,0,57,0%,8.56
https://www.ideallivs.com/product/hr-chat-papdi-130gm,0,57,0%,13.77
https://www.ideallivs.com/product/maliks-phool-mahana-200g,0,56,0%,5.84
https://www.ideallivs.com/product/bikano-besan-ladoo,0,56,0%,10.21
https://www.ideallivs.com/product/national-chicken-jalfrezi-74-gm-2-pack,0,55,0%,6
https://www.ideallivs.com/brand/cola,0,55,0%,9.33
https://www.ideallivs.com/product/dabur-amla-jasmine-hair-oil-200ml?add-to-cart=733,0,55,0%,9.6
https://www.ideallivs.com/product/tjy-spring-rolls-250-mm-30-sheets?add-to-cart=516,0,54,0%,4.35
https://www.ideallivs.com/product/flute-agarbatti-chandan,0,54,0%,6.09
https://www.ideallivs.com/product-category/hing,0,54,0%,7.93
https://www.ideallivs.com/product/bigen-mens-beard-colour-dark-brown,0,54,0%,9.78
https://www.ideallivs.com/product/amoy-soya-sauce-150ml-light,0,53,0%,5.11
https://www.ideallivs.com/product/laziza-chutney-raita-masala,0,53,0%,6.36
https://www.ideallivs.com/shop/neha-rachni-mehandi,0,53,0%,6.96
https://www.ideallivs.com/product/desi-punjabi-desi-gur-500g,0,53,0%,8.74
https://www.ideallivs.com/product/heera-agarbati-jannat-ul-firdous,0,53,0%,9.08
https://www.ideallivs.com/product/trs-fennel-seeds-100g,0,52,0%,7.71
https://www.ideallivs.com/product/heera-chia-seeds-300g,0,52,0%,8.75
https://www.ideallivs.com/product/ktc-castor-oil-250-ml?add-to-cart=723,0,50,0%,5.84
https://www.ideallivs.com/product/jabsons-cocktail-nuts,0,50,0%,6.32
https://www.ideallivs.com/product/alibaba-roasted-chana-250g,0,50,0%,9.02
https://www.ideallivs.com/product/tindoora,0,50,0%,10.98
https://www.ideallivs.com/product/laziza-falooda-jelly-235-gm,0,50,0%,13.64
https://www.ideallivs.com/product/fortune-unpolished-masoor-dal-washed-1kg,0,50,0%,15.24
https://www.ideallivs.com/product/trs-black-sesame-seeds,0,50,0%,20.6
https://www.ideallivs.com/shop/fresh-drum-sticks,0,49,0%,4.02
https://www.ideallivs.com/product/bigen-mens-beard-colour-dark-brown-2?add-to-cart=766,0,49,0%,8.9
https://www.ideallivs.com/product/heera-garlic-powder-100g,0,49,0%,9.29
https://www.ideallivs.com/brand/deepak,0,49,0%,9.96
https://www.ideallivs.com/product/tata-tea-premium-450g,0,48,0%,7.08
https://www.ideallivs.com/brand/hajmola,0,48,0%,7.71
https://www.ideallivs.com/product/trs-ginger-powder-400gm,0,48,0%,11.27
https://www.ideallivs.com/product/tata-premium-tea-1kg,0,48,0%,18.54
https://www.ideallivs.com/product/mdh-amchur-powder,0,48,0%,25.75
https://www.ideallivs.com/product/jabsons-roasted-haldi-chana,0,47,0%,6.15
https://www.ideallivs.com/product/ig-idli-rice-5-kg,0,47,0%,8.49
https://www.ideallivs.com/brand/fortune,0,47,0%,36
https://www.ideallivs.com/product/fresh-kesar-mangoes-1-4-kg-net?add-to-cart=687,0,47,0%,42.45
https://www.ideallivs.com/product/malik-khichia-jeera-papad-200g,0,46,0%,5.54
https://www.ideallivs.com/product/heera-jeera-whole-300g,0,46,0%,7.63
https://www.ideallivs.com/product/heera-haldi-turmeric-powder-1kg,0,46,0%,7.72
https://www.ideallivs.com/brand/neha,0,46,0%,8.52
https://www.ideallivs.com/brand/annam,0,46,0%,9.41
https://www.ideallivs.com/product/trs-brown-mustard-seeds-400g,0,46,0%,13.13
https://www.ideallivs.com/product/dabur-amla-anti-dandruff-hair-oil-200ml?add-to-cart=730,0,45,0%,2.29
https://www.ideallivs.com/product/annam-bombay-rava?add-to-cart=4643,0,45,0%,4.13
https://www.ideallivs.com/product/delta-sot-mandel-almonds-250g,0,45,0%,6.47
https://www.ideallivs.com/product/trs-haldi-powder,0,45,0%,8.47
https://www.ideallivs.com/product/maggi-arome-seasoning-200ml,0,45,0%,12.07
https://www.ideallivs.com/product/falak-premium-basmati-rice-5kg,0,44,0%,7.41
https://www.ideallivs.com/product/trs-ginger-powder,0,44,0%,7.61
https://www.ideallivs.com/product-category/spices-masalas,0,44,0%,13.48
https://www.ideallivs.com/brand/hadeel,0,43,0%,6.93
https://www.ideallivs.com/product/trs-garam-masala-powder,0,43,0%,8.42
https://www.ideallivs.com/product/heera-black-pepper-whole-100g,0,43,0%,11.74
https://www.ideallivs.com/product/trs-star-aniseeds,0,42,0%,5.64
https://www.ideallivs.com/product/trs-semolina-coarse-500g,0,42,0%,7.52
https://www.ideallivs.com/product-category/frozen-foods/frozen-parathas,0,42,0%,8.45
https://www.ideallivs.com/product/heera-saffron-threads-2-gm,0,41,0%,6.05
https://www.ideallivs.com/product/mdh-karahi-gosht-masala,0,41,0%,7.02
https://www.ideallivs.com/shop?sort=new,0,40,0%,6.58
https://www.ideallivs.com/product/bombaywala-kaju-katli,0,40,0%,8.32
https://www.ideallivs.com/product/trs-dhania-powder-400gm,0,40,0%,8.53
https://www.ideallivs.com/brand/shezan,0,40,0%,9.35
https://www.ideallivs.com/product-category/fresh-produce,0,39,0%,6.92
https://www.ideallivs.com/product/trs-crushed-chillies-ex-hot-250g,0,39,0%,7.95
https://www.ideallivs.com/product/india-gate-brown-basmati-rice?add-to-cart=204,0,39,0%,9.77
https://www.ideallivs.com/product/johnsons-baby-lotion-300-ml,0,39,0%,9.92
https://www.ideallivs.com/product/heera-agarbati-pure-jasmine,0,39,0%,22.49
https://www.ideallivs.com/product/haldiram-chakoli-200gm?add-to-cart=434,0,38,0%,2.21
https://www.ideallivs.com/product/a1-manzoor-lahori-kulcha-480g,0,38,0%,5.87
https://www.ideallivs.com/product/malik-plain-paratha-5-pcs-400g,0,38,0%,6.92
https://www.ideallivs.com/product/trs-semolina-fine-500g,0,38,0%,7.29
https://www.ideallivs.com/product/flute-vanille-agarbatti,0,38,0%,7.58
https://www.ideallivs.com/product/sai-gluten-free-almond-cookies-200-g,0,37,0%,4.16
https://www.ideallivs.com/product/delta-sot-mandel-skalade-250g,0,37,0%,4.86
https://www.ideallivs.com/product/mdh-sambhar-masala-100g,0,37,0%,7.51
https://www.ideallivs.com/product/crown-chapli-kebab-chicken-12-st,0,37,0%,7.68
https://www.ideallivs.com/product/hadeel-chana-dal-2-kg,0,37,0%,8.54
https://www.ideallivs.com/product/desi-pesi-gur-500gm-premium,0,37,0%,8.62
https://www.ideallivs.com/product/heera-food-color-green-25g,0,37,0%,11.49
https://www.ideallivs.com/product/trs-jeera-powderkumin-400-gm,0,37,0%,13.46
https://www.ideallivs.com/product/kaalar-super-kernal-premium-basmati-rice-5kg?add-to-cart=201,0,36,0%,4.5
https://www.ideallivs.com/product/gurka,0,36,0%,6.42
https://www.ideallivs.com/product/heera-agarbati-asli-oudh,0,36,0%,7.47
https://www.ideallivs.com/product/mtr-rasam-powder?add-to-cart=104,0,36,0%,9.28
https://www.ideallivs.com/product/flute-amber-agarbatti,0,36,0%,9.33
https://www.ideallivs.com/product/ktc-almond-oil-300-ml,0,36,0%,12.89
https://www.ideallivs.com/product/kurkure-masala-munch,0,36,0%,16.31
https://www.ideallivs.com/product/delta-valnotter-250g,0,35,0%,5.26
https://www.ideallivs.com/shop/fresh-pakistani-mangoes,0,35,0%,6.37
https://www.ideallivs.com/product/metro-red-rose-n-lavender-18stk,0,35,0%,7.06
https://www.ideallivs.com/brand/kaalar,0,34,0%,5.71
https://www.ideallivs.com/faq,0,34,0%,9.65
https://www.ideallivs.com/product/laziza-kheer-mix-pista-coconut155gm,0,34,0%,9.82
https://www.ideallivs.com/brand/amoy,0,34,0%,11.18
https://www.ideallivs.com/product/ktc-jasmine-scented-hair-oil-250-ml,0,34,0%,15.79
https://www.ideallivs.com/brand/fanta,0,34,0%,17.06
https://www.ideallivs.com/product/nocco-bcca-limon-del-sol-330ml?add-to-cart=546,0,34,0%,32.44
https://www.ideallivs.com/product/delta-peanuts-skalade-natural-250g,0,33,0%,7.85
https://www.ideallivs.com/product-category/ground-spices,0,33,0%,9.36
https://www.ideallivs.com/product/trs-cloves-50g,0,33,0%,13.39
https://www.ideallivs.com/product/fresh-kesar-mangoes-1-4-kg-net?add-to-cart=685,0,33,0%,13.94
https://www.ideallivs.com/product/flute-agarbatti-cocoa,0,33,0%,14.76
https://www.ideallivs.com/brand/top,0,32,0%,2.94
https://www.ideallivs.com/product/heera-semolina-coarse-375g?add-to-cart=574,0,32,0%,8.72
https://www.ideallivs.com/product/a1-manzoor-taftan,0,32,0%,8.75
https://www.ideallivs.com/product/wagh-bakri-tulsi-green-tea-25-bags,0,32,0%,9.12
https://www.ideallivs.com/product/trs-green-cardamom-50g,0,32,0%,9.41
https://www.ideallivs.com/product/trs-whole-dried-red-chillies,0,32,0%,10.31
https://www.ideallivs.com/product/indian-costus-powder?add-to-cart=375,0,32,0%,17
https://www.ideallivs.com/product/pataks-vindaloo-paste-283-g,0,32,0%,22.81
https://www.ideallivs.com/product/bombay-wala-grated-coconut-315g,0,31,0%,3.97
https://www.ideallivs.com/product/metromilan-18st-2,0,31,0%,4.77
https://www.ideallivs.com/product/malik-foods-madras-pappad-150g,0,31,0%,5.03
https://www.ideallivs.com/product/tjy-spring-rolls-215-mm-40-sheets?add-to-cart=510,0,31,0%,6.32
https://www.ideallivs.com/product/telephone-sat-ispaghol-100g,0,31,0%,6.65
https://www.ideallivs.com/product/fresh-farsk-paneer?add-to-cart=693,0,31,0%,7.35
https://www.ideallivs.com/brand/vatika,0,31,0%,8.48
https://www.ideallivs.com/product/trs-red-kidney-beans-1-kg,0,31,0%,8.61
https://www.ideallivs.com/product/chings-dark-soya-sauce-750g,0,31,0%,23.03
https://www.ideallivs.com/product/pataks-tikka-marinade-paste-300-g,0,31,0%,86.55
https://www.ideallivs.com/product/malik-kewra-water-200-ml,0,30,0%,4.7
https://www.ideallivs.com/product/heera-dhania-powder-400gm,0,30,0%,6.1
https://www.ideallivs.com/brand/aqu,0,30,0%,6.5
https://www.ideallivs.com/product/hadeel-toor-dal-2kg,0,30,0%,7.27
https://www.ideallivs.com/product/national-pav-sabzi-masala-65x2-gsm,0,30,0%,7.47
https://www.ideallivs.com/product/annam-upma-rava-1kg?add-to-cart=582,0,30,0%,7.57
https://www.ideallivs.com/product/annam-sona-masuri-rice?add-to-cart=188,0,30,0%,10
https://www.ideallivs.com/product/trs-green-raisins-100g,0,30,0%,10.1
https://www.ideallivs.com/brand/cadbury,0,30,0%,11.6
https://www.ideallivs.com/product/national-mixed-pickle-1-kg,0,30,0%,12.67
https://www.ideallivs.com/product/small-onion,0,30,0%,27.3
https://www.ideallivs.com/brand/fresh,0,29,0%,4
https://www.ideallivs.com/product/alibaba-red-kidney-beans-1-kg,0,29,0%,9.52
https://www.ideallivs.com/product/heera-agarbatiincense-stick-woods,0,29,0%,12.24
https://www.ideallivs.com/product/shan-nihari-masala-60g,0,29,0%,15.34
https://www.ideallivs.com/shop/national-kasuri-methi-50g,0,29,0%,16.17
https://www.ideallivs.com/product-category/personal-care,0,28,0%,2.5
https://www.ideallivs.com/product/pataks-balti-paste-283-g,0,28,0%,5
https://www.ideallivs.com/product/desi-punjabi-desi-gur-1-kg?add-to-cart=661,0,28,0%,5.11
https://www.ideallivs.com/product/alibaba-chana-dal-1-kg,0,28,0%,5.57
https://www.ideallivs.com/product/bombay-wala-spring-rolls-100-pcs,0,28,0%,6.36
https://www.ideallivs.com/product/annam-urid-gota-2-kg,0,28,0%,6.46
https://www.ideallivs.com/product/guntur-red-chilli-long-with-stem-100g,0,28,0%,7.39
https://www.ideallivs.com/product/shan-ginger-garlic-paste-310-gm,0,28,0%,8.04
https://www.ideallivs.com/product/fresh-badami-mangoes,0,28,0%,12.5
https://www.ideallivs.com/brand/bombay,0,28,0%,33.75
https://www.ideallivs.com/brand/ideal-indiska,0,27,0%,3.04
https://www.ideallivs.com/product/supreme-pan-parag-100g?add-to-cart=399,0,27,0%,3.22
https://www.ideallivs.com/product/trs-methi-leaves-100g,0,27,0%,3.56
https://www.ideallivs.com/product/malik-foods-sago-seeds-400g,0,27,0%,4.96
https://www.ideallivs.com/product/guard-ultimate-basmati-rice-2kg,0,27,0%,5.3
https://www.ideallivs.com/product/ktc-linseed-oil-250-ml,0,27,0%,6.7
https://www.ideallivs.com/product/heera-cumin-powder-400-gsm,0,27,0%,7.56
https://www.ideallivs.com/product/parwal,0,27,0%,7.93
https://www.ideallivs.com/brand/nocco,0,27,0%,8.85
https://www.ideallivs.com/product/hr-chana-chur-200g,0,27,0%,9.48
https://www.ideallivs.com/product/fortune-unpolished-arhar-dal-1kg,0,27,0%,10.56
https://www.ideallivs.com/product/pataks-mango-pickle-mild-283g,0,27,0%,58.44
https://www.ideallivs.com/product/flute-agarbatti-coconut,0,26,0%,6.88
https://www.ideallivs.com/product/heera-agarbati-saffron-rose,0,26,0%,7.31
https://www.ideallivs.com/product/fortune-unpolished-kabuli-channa-white-1-kg,0,26,0%,8.35
https://www.ideallivs.com/product/mango-avakaya-pickle-with-garlic,0,26,0%,10.58
https://www.ideallivs.com/brand/preema,0,26,0%,13.31
https://www.ideallivs.com/product/fresh-frsk-dudhi-bottle-gourd-loki,0,26,0%,33.46
https://www.ideallivs.com/product/parle-g-premium-rusk-600-g,0,25,0%,3.76
https://www.ideallivs.com/product-category/frozen-foods/paneer,0,25,0%,6.92
https://www.ideallivs.com/product/trs-black-pepper-powder-100g,0,25,0%,7.16
https://www.ideallivs.com/product/malik-foods-garlic-naan,0,25,0%,8.44
https://www.ideallivs.com/product/trs-whole-green-peas-2-kg,0,25,0%,8.6
https://www.ideallivs.com/product/ktc-mustard-oil-pure-1-lit,0,25,0%,8.88
https://www.ideallivs.com/product/trs-kashmiri-whole-red-chillies-150g,0,25,0%,10
https://www.ideallivs.com/product-category/tea-coffee-beverages,0,25,0%,10.76
https://www.ideallivs.com/product/dabur-chyawanprash-500g,0,25,0%,12.2
https://www.ideallivs.com/product/chings-hot-garlic-noodles-240-gms,0,25,0%,12.84
https://www.ideallivs.com/product/delta-peanuts-roasted-salted-250g,0,25,0%,12.88
https://www.ideallivs.com/product/amoy-soya-sauce-150ml-dark,0,25,0%,16
https://www.ideallivs.com/blog/indiska-livsmedel-i-goteborg,0,25,0%,24.64
https://www.ideallivs.com/product/tata-tea-premium-900g,0,25,0%,32.2
https://www.ideallivs.com/product/mer-apelsindryck-33cl?add-to-cart=565,0,24,0%,3.04
https://www.ideallivs.com/product/heera-kalonji-seeds-300gm,0,24,0%,4.38
https://www.ideallivs.com/shop/jannat-xxl-1121-basmati-rice-5-kg,0,24,0%,5.33
https://www.ideallivs.com/product/bombaywala-fried-patra-320g,0,24,0%,5.92
https://www.ideallivs.com/product/kalkandam-sugar-cubes-500g,0,24,0%,6.12
https://www.ideallivs.com/product/heera-food-color-red-25g,0,24,0%,6.71
https://www.ideallivs.com/product-category/oils-ghee,0,24,0%,7.71
https://www.ideallivs.com/product/trs-gram-flour-2-kg?add-to-cart=88,0,24,0%,7.83
https://www.ideallivs.com/product/ovaltine-300g,0,24,0%,8
https://www.ideallivs.com/product-category/toor-dal,0,24,0%,8.25
https://www.ideallivs.com/product-category/whole-wheat-atta,0,24,0%,9.08
https://www.ideallivs.com/product-category/pickles-chutneys-pastes,0,24,0%,12
https://www.ideallivs.com/product/heera-agarbati-pure-lavendar,0,24,0%,13.58
https://www.ideallivs.com/product/delta-pistagenotter-skalade-150g,0,23,0%,2.22
https://www.ideallivs.com/product/fresh-frsk-baingen-bringen,0,23,0%,4.52
https://www.ideallivs.com/product/trs-poppy-seeds-white-100g,0,23,0%,7.91
https://www.ideallivs.com/brand/lijjat,0,23,0%,9.91
https://www.ideallivs.com/brand/ktc,0,23,0%,10.26
https://www.ideallivs.com/product/laziza-custard-mango-300g,0,23,0%,10.48
https://www.ideallivs.com/product/trs-ajwain-seeds-100g,0,23,0%,11.3
https://www.ideallivs.com/product/maggi-masala-chilli-sauce-400-ml,0,23,0%,13.96
https://www.ideallivs.com/product/fresh-frsk-karela-bittergurka,0,23,0%,16.04
https://www.ideallivs.com/product/trs-brown-mustard-seeds-100g?add-to-cart=131,0,23,0%,26.13
https://www.ideallivs.com/product/tapal-danedar-teabags-300750-g?add-to-cart=225,0,22,0%,2.32
https://www.ideallivs.com/product/annam-green-cardamom-50g,0,22,0%,5.86
https://www.ideallivs.com/product/heera-bay-leaves,0,22,0%,8.27
https://www.ideallivs.com/product-category/asian-rice,0,22,0%,8.45
https://www.ideallivs.com/product/heera-agarbati-pure-chandan,0,22,0%,9.95
https://www.ideallivs.com/product/hr-masala-moong-dal-200g,0,22,0%,10.05
https://www.ideallivs.com/product/vaseline-jelly-100ml,0,22,0%,10.27
https://www.ideallivs.com/product/hr-aloo-kulcha-320g,0,22,0%,11.82
https://www.ideallivs.com/product/flute-agarbatti-forest,0,22,0%,12.59
https://www.ideallivs.com/product/tata-gold-tea-450g,0,22,0%,13.36
https://www.ideallivs.com/product/ktc-almond-oil-200-ml,0,22,0%,13.77
https://www.ideallivs.com/product-category/electric,0,21,0%,2.57
https://www.ideallivs.com/product/kaalar-extra-long-grain-steam-rice-5kg?add-to-cart=196,0,21,0%,3.43
https://www.ideallivs.com/brand/himaliya,0,21,0%,6.33
https://www.ideallivs.com/shop/heera-msd-chineese-salt-100g,0,21,0%,6.9
https://www.ideallivs.com/product/chings-veg-hakka-noodles-140g,0,21,0%,8.14
https://www.ideallivs.com/product/tang-orange?add-to-cart=570,0,21,0%,9.76
https://www.ideallivs.com/product/fresh-frsk-koriander,0,21,0%,9.95
https://www.ideallivs.com/product/sea-salt-1-kg,0,21,0%,10
https://www.ideallivs.com/product/mtr-rajma-masala-300g,0,21,0%,11.71
https://www.ideallivs.com/product/hr-punjabi-mixture-280g,0,21,0%,12.76
https://www.ideallivs.com/product/trs-kewra-water-190-ml,0,21,0%,14.14
https://www.ideallivs.com/product/johnsons-baby-bath-300ml,0,21,0%,16.1
https://www.ideallivs.com/product/shan-ginger-garlic-paste-700-gm,0,21,0%,16.14
https://www.ideallivs.com/product/priya-ginger-garlic-paste-300g,0,21,0%,21.43
https://www.ideallivs.com/shop/national-kasuri-methi-100g,0,21,0%,21.71
https://www.ideallivs.com/brand/tata,0,21,0%,50.57
https://www.ideallivs.com/product/metromilan-18st,0,20,0%,4.25
https://www.ideallivs.com/product/heera-urid-whole-gota-500g,0,20,0%,5.75
https://www.ideallivs.com/product-category/seeds,0,20,0%,6.1
https://www.ideallivs.com/shop/fruiti-o-juice-drink,0,20,0%,6.4
https://www.ideallivs.com/product/lazzat-tamarind-chutney-400g,0,20,0%,6.85
https://www.ideallivs.com/product/trs-food-color-25gm-red,0,20,0%,8.15
https://www.ideallivs.com/product/pg-tips-original-black-tea-bags-300-870-g?add-to-cart=223,0,20,0%,9.45
https://www.ideallivs.com/brand/tjy,0,20,0%,9.75
https://www.ideallivs.com/product/horlicks-400-gm,0,20,0%,9.8
https://www.ideallivs.com/product/national-haleem-spices-mix-43x2g?add-to-cart=107,0,20,0%,10.55
https://www.ideallivs.com/brand/samyang,0,20,0%,10.85
https://www.ideallivs.com/product/heera-peanut-butter-340g,0,20,0%,12.95
https://www.ideallivs.com/brand/swetha-teugu,0,20,0%,17.8
https://www.ideallivs.com/product/fresh-raw-mango,0,20,0%,18.75
https://www.ideallivs.com/product/fresh-drum-sticks?add-to-cart=671,0,19,0%,2.74
https://www.ideallivs.com/product/delta-cashewnotter-250g,0,19,0%,4.32
https://www.ideallivs.com/product/trs-urid-whole-1-kg,0,19,0%,5.63
https://www.ideallivs.com/brand/anjappar,0,19,0%,5.74
https://www.ideallivs.com/product/heera-phool-makhana-100-gsm,0,19,0%,5.79
https://www.ideallivs.com/product/phulki-250-gsm,0,19,0%,7.05
https://www.ideallivs.com/rice-in-stockholm,0,19,0%,7.37
https://www.ideallivs.com/product/crown-reshmi-kebab-chicken-15stk,0,19,0%,8.11
https://www.ideallivs.com/product-category/energy-drinks,0,19,0%,8.53
https://www.ideallivs.com/product/heera-kalonjee-100gm,0,19,0%,8.79
https://www.ideallivs.com/shop/heera-dried-coconut-halves,0,19,0%,8.79
https://www.ideallivs.com/product/wagh-bakri-tea-1-kg,0,19,0%,9.68
https://www.ideallivs.com/product/johnsons-baby-oil-300ml,0,19,0%,9.74
https://www.ideallivs.com/blog/rice-in-stockholm,0,19,0%,11.79
https://www.ideallivs.com/product-category/fragrance,0,19,0%,12.26
https://www.ideallivs.com/product/crown-seekh-kebab-lamb-15-pcs,0,19,0%,12.84
https://www.ideallivs.com/product/kurkre-chilli-chatka,0,19,0%,12.84
https://www.ideallivs.com/product/laziza-custard-vanilla-300g,0,19,0%,14.21
https://www.ideallivs.com/brand/horlicks,0,19,0%,14.26
https://www.ideallivs.com/product/jabsons-roasted-gud-chana-150g,0,19,0%,14.42
https://www.ideallivs.com/product/shan-mixed-pickle-300g,0,19,0%,21.42
https://www.ideallivs.com/product/parle-g-biscuits-79-g,0,18,0%,5.28
https://www.ideallivs.com/product/ab-pheni-150g?add-to-cart=431,0,18,0%,5.39
https://www.ideallivs.com/brand/swarna,0,18,0%,5.78
https://www.ideallivs.com/product/cluster-beans-gawar,0,18,0%,5.83
https://www.ideallivs.com/product/onion-gul-lok?add-to-cart=680,0,18,0%,5.83
https://www.ideallivs.com/product/trs-rose-water-190-ml,0,18,0%,6.83
https://www.ideallivs.com/product/regal-special-cake-rusk-500-gm,0,18,0%,7.33
https://www.ideallivs.com/product/fortune-unpolished-kala-channa-whole-1kg,0,18,0%,7.5
https://www.ideallivs.com/product/hadeel-whole-mung-dal-2kg,0,18,0%,7.5
https://www.ideallivs.com/product/heera-ajwain-seeds-100g,0,18,0%,8.06
https://www.ideallivs.com/brand/falak,0,18,0%,9.22
https://www.ideallivs.com/product/cadbury-bourn-vita-500-gm,0,18,0%,9.33
https://www.ideallivs.com/product/desi-roasted-chana-unsalted-700g,0,18,0%,10.72
https://www.ideallivs.com/product/flute-basil-agarbatti,0,18,0%,10.83
https://www.ideallivs.com/terms-conditions,0,18,0%,11.67
https://www.ideallivs.com/product/heera-methi-seedsfenugreek-100g,0,18,0%,11.94
https://www.ideallivs.com/product/shan-chilli-pickle-1-kg,0,18,0%,12.5
https://www.ideallivs.com/product/trs-puffed-rice-400g,0,18,0%,14.06
https://www.ideallivs.com/product/shan-lemon-pickle-1-kg,0,18,0%,14.44
https://www.ideallivs.com/product/ig-jeerakasala-rice-5kg?add-to-cart=211,0,17,0%,1.41
https://www.ideallivs.com/product/neha-rachni-mehandi?add-to-cart=765,0,17,0%,1.76
https://www.ideallivs.com/product/regal-cake-rusk-almond-630g21pcs,0,17,0%,3.71
https://www.ideallivs.com/product/arvi,0,17,0%,4.88
https://www.ideallivs.com/product/guard-sella-easy-cook-rice-1-kg,0,17,0%,5
https://www.ideallivs.com/shop/mtr-rice-idli-ready-mix,0,17,0%,5
https://www.ideallivs.com/product/heera-food-color-yellow-25g,0,17,0%,5.12
https://www.ideallivs.com/shop/electric-tandoor-oven,0,17,0%,5.29
https://www.ideallivs.com/product-category/home-essentials,0,17,0%,6.24
https://www.ideallivs.com/product/trs-paprika-powder-100-g,0,17,0%,7.12
https://www.ideallivs.com/product-category/sona-masoori,0,17,0%,9.18
https://www.ideallivs.com/product/hr-pani-puri-360-gm,0,17,0%,9.47
https://www.ideallivs.com/brand/wagh,0,17,0%,9.65
https://www.ideallivs.com/product/metro-agarbati-bukoor,0,17,0%,10.35
https://www.ideallivs.com/product/ktc-sesame-oil-250-ml,0,17,0%,10.41
https://www.ideallivs.com/product/haldirams-punjabi-choley-283gms?add-to-cart=507,0,17,0%,11.29
https://www.ideallivs.com/product/heera-soan-papdi-250g,0,17,0%,11.35
https://www.ideallivs.com/product/flute-juniper-agarbatti,0,17,0%,11.88
https://www.ideallivs.com/product/heera-bajri-flour-1-kg,0,17,0%,14.35
https://www.ideallivs.com/product-category/canned-jarred-goods,0,17,0%,15.24
https://www.ideallivs.com/product/national-lemon-pickle-1-kg,0,17,0%,16.59
https://www.ideallivs.com/product/elephant-atta-medium-25-kg?add-to-cart=77,0,17,0%,24.24
https://www.ideallivs.com/product/shan-easy-cook-haleem-mix-300g?add-to-cart=375,0,16,0%,1.88
https://www.ideallivs.com/product/haldirams-frozen-railway-cutlets?add-to-cart=513,0,16,0%,2.5
https://www.ideallivs.com/product/flute-agarbatti-mulberry,0,16,0%,5.25
https://www.ideallivs.com/brand/al-baker,0,16,0%,5.69
https://www.ideallivs.com/product/trs-plain-papadam-200gm-pack,0,16,0%,6.62
https://www.ideallivs.com/brand/tilda,0,16,0%,6.88
https://www.ideallivs.com/product/desi-pesi-gur-1kg-premium,0,16,0%,7
https://www.ideallivs.com/product/heera-black-cardamom-200g,0,16,0%,8.94
https://www.ideallivs.com/product/mtr-chana-masala-300g,0,16,0%,9.06
https://www.ideallivs.com/product/pataks-mango-chatni-mild-340-gm,0,16,0%,9.44
https://www.ideallivs.com/brand/tang,0,16,0%,10.81
https://www.ideallivs.com/product/hr-punjabi-samosa-460-gms,0,16,0%,11.19
https://www.ideallivs.com/product/hr-long-sev-200gm,0,16,0%,11.31
https://www.ideallivs.com/brand/malik?add-to-cart=550,0,16,0%,11.81
https://www.ideallivs.com/product/pataks-rogan-josh-paste-283-g,0,16,0%,12.19
https://www.ideallivs.com/product/trs-haldi-powder-2,0,16,0%,13.31
https://www.ideallivs.com/product/kurkre-solid-masti,0,16,0%,14.75
https://www.ideallivs.com/product/fortune-unpolished-channa-dal-1kg,0,16,0%,19
https://www.ideallivs.com/product/trs-dal-chini?add-to-cart=368,0,16,0%,26.56
https://www.ideallivs.com/product/bikano-besan-burfi?add-to-cart=429,0,15,0%,3.67
https://www.ideallivs.com/product/tang-orange?add-to-cart=648,0,15,0%,5.4
https://www.ideallivs.com/brand/spring-home,0,15,0%,5.93
https://www.ideallivs.com/product/annam-sona-masori-rice-5-kg,0,15,0%,6
https://www.ideallivs.com/product/laziza-custard-pineapple-300g,0,15,0%,6
https://www.ideallivs.com/product/guard-ultimate-basmati-rice-1kg?add-to-cart=198,0,15,0%,6.33
https://www.ideallivs.com/product/national-tamarind-sauce-325-ml,0,15,0%,6.6
https://www.ideallivs.com/product-category/paneer,0,15,0%,7
https://www.ideallivs.com/product/malik-foods-tandoori-naan,0,15,0%,7.73
https://www.ideallivs.com/product/deepak-dalia-500g,0,15,0%,7.87
https://www.ideallivs.com/product/trs-food-color-25gm-deep-orange,0,15,0%,7.93
https://www.ideallivs.com/product/trs-ginger-powder?add-to-cart=373,0,15,0%,8.2
https://www.ideallivs.com/product/crown-chapli-kebab-chicken-12-st?add-to-cart=499,0,15,0%,11.87
https://www.ideallivs.com/product/trs-food-color-25gm-yellow,0,15,0%,12.47
https://www.ideallivs.com/product-category/idly-rice,0,15,0%,12.8
https://www.ideallivs.com/product/bikano-besan-burfi?add-to-cart=442,0,14,0%,2.36
https://www.ideallivs.com/product/alibaba-urid-dal-1-kg,0,14,0%,4.36
https://www.ideallivs.com/product-category/chick-peas,0,14,0%,4.79
https://www.ideallivs.com/shop/trs-dried-coconut-halves-250-g,0,14,0%,5.29
https://www.ideallivs.com/product/al-baker-chakki-fresh-atta?attribute_weight=10kg,0,14,0%,5.57
https://www.ideallivs.com/product/petra-class-1-jordanian-dates,0,14,0%,5.64
https://www.ideallivs.com/product/tjy-spring-rolls-190mm-50-sheets?add-to-cart=522,0,14,0%,6.36
https://www.ideallivs.com/shop/mtr-sambar-powder,0,14,0%,7
https://www.ideallivs.com/product/trs-pink-peanuts-1-5-kg,0,14,0%,8
https://www.ideallivs.com/product/pataks-chili-pickle-283g,0,14,0%,8.14
https://www.ideallivs.com/product/lazzat-green-chilli-sauce-330g,0,14,0%,8.29
https://www.ideallivs.com/shop/nestle-cerelac-400-g,0,14,0%,8.64
https://www.ideallivs.com/product/trs-ragi-flour-1-kg?add-to-cart=604,0,14,0%,8.79
https://www.ideallivs.com/brand/taaza,0,14,0%,9
https://www.ideallivs.com/brand/a1,0,14,0%,9.29
https://www.ideallivs.com/product/heera-coconut-milk-400g,0,14,0%,10.14
https://www.ideallivs.com/product/trs-green-lentils-2-kg,0,14,0%,12.14
https://www.ideallivs.com/product/shan-meat-masala-100g,0,14,0%,14
https://www.ideallivs.com/product/trs-dhania-powder-100gm,0,14,0%,14.5
https://www.ideallivs.com/product/natco-jeera-powder-400gcumin-ground,0,14,0%,34.43
https://www.ideallivs.com/product/heera-food-color-deep-orange-25g,0,13,0%,3.77
https://www.ideallivs.com/product/heera-alubukharaplum200gm,0,13,0%,4
https://www.ideallivs.com/shop/trs-puffed-rice,0,13,0%,4.31
https://www.ideallivs.com/product/trs-whole-jeera-400g,0,13,0%,6.23
https://www.ideallivs.com/product/ig-excel-basmati-rice-5-kg,0,13,0%,6.54
https://www.ideallivs.com/product/mtr-vegetable-pulao-250g,0,13,0%,6.62
https://www.ideallivs.com/shop/category/frozen-foods,0,13,0%,6.85
https://www.ideallivs.com/shop/fresh-indian-red-chili,0,13,0%,6.92
https://www.ideallivs.com/shop/category/fresh-produce,0,13,0%,7.23
https://www.ideallivs.com/product/hajmola-regular-66-g,0,13,0%,7.31
https://www.ideallivs.com/brand/aashirvaad,0,13,0%,7.54
https://www.ideallivs.com/product/maggi-chilli-sauce-320-ml,0,13,0%,7.54
https://www.ideallivs.com/product/malik-foods-sendha-namak?add-to-cart=354,0,13,0%,8.08
https://www.ideallivs.com/product/national-chaat-masala-100gm,0,13,0%,8.23
https://www.ideallivs.com/product/heera-sugar-coated-fennel-100g?add-to-cart=423,0,13,0%,8.77
https://www.ideallivs.com/product/laziza-custard-pistachio-300gm,0,13,0%,9
https://www.ideallivs.com/product/anjappar-sona-masori-rice-10-kg?add-to-cart=195,0,13,0%,9.23
https://www.ideallivs.com/product/deepak-semolina-500g,0,13,0%,9.31
https://www.ideallivs.com/product/heera-fennel-seeds-100g,0,13,0%,9.46
https://www.ideallivs.com/product/pg-tips-40-tea-bags,0,13,0%,9.85
https://www.ideallivs.com/product/national-shahi-daal-90gx2,0,13,0%,10
https://www.ideallivs.com/product/patanjli-cow-ghee-1-kg?add-to-cart=734,0,13,0%,10.15
https://www.ideallivs.com/product/haldiram-aloo-gobi-paratha-400g,0,13,0%,11.08
https://www.ideallivs.com/shop/fanta-exotic-zero-330ml,0,13,0%,11.15
https://www.ideallivs.com/product/mango-thoku-pickle-300-g,0,13,0%,11.46
https://www.ideallivs.com/product/guard-sella-easy-cook-rice-1-kg?add-to-cart=208,0,13,0%,12
https://www.ideallivs.com/brand/tindoora,0,13,0%,13.31
https://www.ideallivs.com/product/national-chatt-pata-pakora-mix,0,13,0%,13.62
https://www.ideallivs.com/product/chings-red-chilli-sauce-200-gms,0,13,0%,17.54
https://www.ideallivs.com/product/pataks-mango-pickle-hot-283g,0,13,0%,49.92
https://www.ideallivs.com/product/delta-pistagenotter-roasted-salted-j-250g,0,12,0%,3.75
https://www.ideallivs.com/product/trs-semolina-coarse-1-5-kg,0,12,0%,3.83
https://www.ideallivs.com/shop/deshi-chinigura-aromatic-rice-1kg,0,12,0%,4.5
https://www.ideallivs.com/product/haldirams-frozen-tandoori-garlic-naanfamily-pck-1-28kg?add-to-cart=515,0,12,0%,4.83
https://www.ideallivs.com/product/national-daal-makhni-74g,0,12,0%,4.92
https://www.ideallivs.com/product/hr-onion-paratha-400g,0,12,0%,6.42
https://www.ideallivs.com/product/malik-foods-home-style-paratha,0,12,0%,6.5
https://www.ideallivs.com/product/national-chapli-kebab-144gm-2-packs,0,12,0%,7.58
https://www.ideallivs.com/product/national-karahi-gosht-94gm-2packs,0,12,0%,7.58
https://www.ideallivs.com/product/heera-thin-powa-rice-flake-300g,0,12,0%,7.83
https://www.ideallivs.com/shop/category/lentils-beans-dals,0,12,0%,8.08
https://www.ideallivs.com/product/heera-curry-leaves-20gm,0,12,0%,8.25
https://www.ideallivs.com/product/regal-baqar-khani-350g,0,12,0%,8.25
https://www.ideallivs.com/product/mdh-amchur-powder?add-to-cart=103,0,12,0%,8.75
https://www.ideallivs.com/product/kurkure-green-chutney-style,0,12,0%,10.17
https://www.ideallivs.com/product/national-mixed-pickle-320-gm,0,12,0%,10.83
https://www.ideallivs.com/category/stockholm-guide,0,12,0%,11
https://www.ideallivs.com/product/guard-sella-easy-cook-rice-5kg,0,12,0%,11.5
https://www.ideallivs.com/product/heera-cloves-50g,0,12,0%,11.5
https://www.ideallivs.com/product/trs-haldi-turmeric1-kg,0,12,0%,12.5
https://www.ideallivs.com/product/heera-roasted-upma-sooji-1-kg,0,12,0%,13.33
https://www.ideallivs.com/product/national-chicken-tikka-88gm-2-packs,0,12,0%,14.17
https://www.ideallivs.com/product/national-chicken-white-karahi-80-g-2-packs,0,12,0%,14.33
https://www.ideallivs.com/brand/bueno,0,12,0%,15.75
https://www.ideallivs.com/product/heera-ground-rice-1rice-flour-5-kg,0,12,0%,15.83
https://www.ideallivs.com/shop/category/hing,0,12,0%,27.83
https://www.ideallivs.com/blog,0,12,0%,32.75
https://www.ideallivs.com/blog/paneer-butter-masala-recipe,0,12,0%,38.83
https://www.ideallivs.com/guide-till-matleverans-i-stockholm,0,12,0%,63.33
https://www.ideallivs.com/product/haldirams-frozen-phulka-roti-360gm?add-to-cart=518,0,11,0%,2.09
https://www.ideallivs.com/product/parle-platina-hide-n-seek-orange-112g,0,11,0%,3.55
https://www.ideallivs.com/product/ahmed-apple-cider-vinagar-450ml,0,11,0%,4.45
https://www.ideallivs.com/product/fresh-frsk-ridged-gourd-turai,0,11,0%,4.55
https://www.ideallivs.com/product-category/chana-dal,0,11,0%,4.91
https://www.ideallivs.com/my-account,0,11,0%,5.45
https://www.ideallivs.com/product/ig-jeerakasala-rice-5kg?add-to-cart=210,0,11,0%,5.55
https://www.ideallivs.com/product/hadeel-red-split-lentils,0,11,0%,6.27
https://www.ideallivs.com/product/haldiram-tandori-garlic-naan-400-gms,0,11,0%,6.27
https://www.ideallivs.com/product/flute-agarbatti-violet,0,11,0%,6.36
https://www.ideallivs.com/product-category/fresh-produce/fruits,0,11,0%,6.45
https://www.ideallivs.com/product/national-qeema-masala-78gm-2packs,0,11,0%,6.55
https://www.ideallivs.com/product/shan-mango-pickle-300g,0,11,0%,6.55
https://www.ideallivs.com/product/heera-sago-seeds-500-gsm,0,11,0%,6.82
https://www.ideallivs.com/product/aashirvaad-chakki-atta-10-kg,0,11,0%,6.91